<?xml version="1.0" encoding="UTF-8"?>
<!DOCTYPE suite SYSTEM "https://testng.org/testng-1.0.dtd">
<suite name="Suite" parallel="tests" thread-count="2">
	<listeners>
		<listener class-name="com.Utility.Listeners"></listener>
	</listeners>
	
	
  <test thread-count="5" name="Test">
	  <parameter name="Browser" value="chrome"></parameter>
	  <classes>
		  <class name="com.test.VerifyLoginPage"/>
		  
	  </classes>
  </test> <!-- Test -->
  
  
  
  
  <test thread-count="5" name="Test1">
	  <parameter name="Browser" value="firefox"></parameter>
	  <classes>
		  <class name="com.test.VerifyLoginPage">
		  </class>
	  </classes>
  </test> <!-- Test -->
  
  
  
  
</suite> <!-- Suite -->

